target,threshold,observed_r2,predicted_r2,error,relative_reconstruction_error
hardcode_genre_rank_neo_down_60.csv,1000.0,0.39241,0.3925699164625808,0.0001599164625808447,0.2922982651992239
hardcode_genre_rank_neo_down_60.csv,10000.0,0.39241,0.39251226049729165,0.00010226049729167297,0.30394253474801297
hardcode_genre_rank_neo_down_60.csv,30000.0,0.39241,0.39260951830703905,0.00019951830703907047,0.33753833306523007
hardcode_rank_neo60_progressive_down_24.csv,1000.0,0.3974,0.39757780011317484,0.0001778001131748641,0.24093603593332258
hardcode_rank_neo60_progressive_down_24.csv,10000.0,0.3974,0.3974943639631135,9.436396311351958e-05,0.2741715676215069
hardcode_rank_neo60_progressive_down_24.csv,30000.0,0.3974,0.39754463747893704,0.0001446374789370597,0.3225135876973199
